Component,Percentage_Points,Percent_of_Total
Total Change,10.077607933722376,100.0
Explained (Characteristics),18.48614230237022,183.43780016000258
Unexplained (Coefficients),67.46544539859183,669.4589216239934
