Method,ATE,CI_Lower,CI_Upper,P_Value
Propensity Score Matching,1.2106887925542658,1.1761501739717688,1.2452274111367627,0.0
