Model,Variable,Odds_Ratio,CI_Lower,CI_Upper
Age 20-29,education_secondary,0.3165011007094963,0.2811524782087583,0.356294020200467
Age 30-39,education_secondary,0.34429720748396625,0.29566517728948094,0.4009284020796138
Excluding Influential,education_secondary,0.22843619656722003,0.14901495433152137,0.35018697375837277
Main Model,education_secondary,0.38939176952663235,0.3162722889391076,0.4794158561399438
