early_marriage,higher,no_education,primary,secondary
0.0,6.912196423805711,57.10568454763811,21.957566052842274,14.024552975713906
1.0,1.085342168399406,75.29228074184088,18.808789367454967,4.813587722304733
